"ApplicationEntries",""
"CREW OW-RT",""
"d_os_rbp",""
"f_remVS",""
"ID_ПЗ",""
"ID OC_RBP",""
"ID Объекта",""
"ID ОС",""
"ID ПЗ",""
"ID Проекта",""
"ID участка",""
"N",""
"N_RBP",""
"N_TMC",""
"N Корректировка",""
"N КС",""
"N Лог",""
"Pax_Staff",""
"{SystemMeas",""
"}-intDPD-hidden-1",""
"}-intDPD-hidden-2",""
"}Annotation_ApplicationID",""
"}AnnotationAppContextFacets",""
"}AnnotationMeasures",""
"}ApplicationEntries",""
"}ApplicationNames",""
"}ApplicationParameters",""
"}CAMAssociatedGroups",""
"}Chores",""
"}ClientProperties",""
"}Clients",""
"}ClientSettings",""
"}ConnectionProperties",""
"}Connections",""
"}CubeDrillString",""
"}Cube Functions",""
"}CubeProperties",""
"}Cubes","Список кубов"
"}CubeSecurityProperties",""
"}Cultures",""
"}DeployedLinkRecord",""
"}DimensionAttributes",""
"}DimensionFormatAttributes",""
"}DimensionFormatItems",""
"}DimensionProperties",""
"}Dimensions",""
"}ElementAttributes_d_os_rbp",""
"}ElementAttributes_f_remVS",""
"}ElementAttributes_ID_ПЗ",""
"}ElementAttributes_ID OC_RBP",""
"}ElementAttributes_ID Объекта",""
"}ElementAttributes_ID ПЗ",""
"}ElementAttributes_ID Проекта",""
"}ElementAttributes_N",""
"}ElementAttributes_N Корректировка",""
"}ElementAttributes_N Лог",""
"}ElementAttributes_Pax_Staff",""
"}ElementAttributes_}ApplicationEntries",""
"}ElementAttributes_}Clients",""
"}ElementAttributes_}Cubes","Признак копирования"
"}ElementAttributes_}Cultures",""
"}ElementAttributes_}DeployedLinkRecord",""
"}ElementAttributes_}Dimensions",""
"}ElementAttributes_}Groups","Используется только элемент «Права как у ЦФО»."
"}ElementAttributes_}Modeling",""
"}ElementAttributes_}ModelProperties",""
"}ElementAttributes_}Processes",""
"}ElementAttributes_}ProgressTimings",""
"}ElementAttributes_}tp_applications",""
"}ElementAttributes_}tp_config",""
"}ElementAttributes_}tp_process_errors_localization",""
"}ElementAttributes_}tp_system_config",""
"}ElementAttributes_АвДопУслБезАг - показатели дох",""
"}ElementAttributes_АвПчтГрузБезАг показатели дох",""
"}ElementAttributes_АрендаПомещ показатели дох",""
"}ElementAttributes_АрендаРемСпецАвто",""
"}ElementAttributes_АэропДеят",""
"}ElementAttributes_АэропортДеят показатели дох",""
"}ElementAttributes_Аэропорты",""
"}ElementAttributes_Аэропорты_посадки",""
"}ElementAttributes_Блоктайм",""
"}ElementAttributes_Борт",""
"}ElementAttributes_Борт_ТЕХ",""
"}ElementAttributes_Борт ВС",""
"}ElementAttributes_Бортовое питание",""
"}ElementAttributes_Бюджетная номенклатура",""
"}ElementAttributes_Бюджетная номенклатура_ТЕХ",""
"}ElementAttributes_Бюджетная форма",""
"}ElementAttributes_Бюджеты",""
"}ElementAttributes_Валюта",""
"}ElementAttributes_Версия",""
"}ElementAttributes_Вид взносов ФОТ",""
"}ElementAttributes_Вид вложения",""
"}ElementAttributes_Вид заявки",""
"}ElementAttributes_Вид оплаты",""
"}ElementAttributes_Вид работ",""
"}ElementAttributes_Виды командировок",""
"}ElementAttributes_Виды обучения",""
"}ElementAttributes_Виды работ_услуг",""
"}ElementAttributes_Виды страхования",""
"}ElementAttributes_ВозмАкцизАвГСМ показатели дох",""
"}ElementAttributes_ВозмСтоимРем показатели дох",""
"}ElementAttributes_Время отправления UTC",""
"}ElementAttributes_Время отправления МСК",""
"}ElementAttributes_Время прибытия UTC",""
"}ElementAttributes_Вход_ЛЭКЭ1",""
"}ElementAttributes_Вход_ЛЭКЭ2",""
"}ElementAttributes_Вылет_прилет",""
"}ElementAttributes_Выплаты_ФОТ",""
"}ElementAttributes_Гаражный номер",""
"}ElementAttributes_Год",""
"}ElementAttributes_Город",""
"}ElementAttributes_Город командировки",""
"}ElementAttributes_Дата",""
"}ElementAttributes_Дата 2000",""
"}ElementAttributes_Дата бюджета",""
"}ElementAttributes_Дата рейса UTC",""
"}ElementAttributes_Дата рейса МСК",""
"}ElementAttributes_День недели",""
"}ElementAttributes_Депозитный портфель",""
"}ElementAttributes_ДиР",""
"}ElementAttributes_для аэропорта",""
"}ElementAttributes_Для вида работ",""
"}ElementAttributes_Для норм работ",""
"}ElementAttributes_Дни ремонта",""
"}ElementAttributes_Доля грузовых доходов",""
"}ElementAttributes_Дох. ставки по перевоз. пасс.",""
"}ElementAttributes_Доходы",""
"}ElementAttributes_Дох фин деят",""
"}ElementAttributes_Ед. измерения",""
"}ElementAttributes_Значение",""
"}ElementAttributes_Значение_АДМ_Тип",""
"}ElementAttributes_Значение_БЗ_ЗЧКИ",""
"}ElementAttributes_Значение_БЗ_ПО",""
"}ElementAttributes_Значение_БЗ_СертПрч",""
"}ElementAttributes_Значение_БЗ_СлгВС",""
"}ElementAttributes_Значение_БЗ_СтрАвПеревоз",""
"}ElementAttributes_Значение_БЗ_СтрПрч",""
"}ElementAttributes_Значение_БЗ_ТМЦ",""
"}ElementAttributes_Значение_БЗ_ТОВСАД",""
"}ElementAttributes_Значение_БЗ_ТОВСАД_СС",""
"}ElementAttributes_Значение_Визы",""
"}ElementAttributes_Значение_Загрузка_АхШР_Log",""
"}ElementAttributes_Значение_Загрузка_НСИ_БазаФОТ_Log",""
"}ElementAttributes_Значение_Загрузка_Эталон",""
"}ElementAttributes_Значение_Загрузка_Эталон_Log",""
"}ElementAttributes_Значение_Копирование данных",""
"}ElementAttributes_Значение_Копирование данных_Log",""
"}ElementAttributes_Значение_Копирование сценариев",""
"}ElementAttributes_Значение_Копирование сценариев_Log",""
"}ElementAttributes_Значение_НЛГ_НалогОтчисл",""
"}ElementAttributes_Значение_НСИ_Услуги_ДиР",""
"}ElementAttributes_Значение_ОПР_ДопУсл",""
"}ElementAttributes_Значение_ОПР_Прямые расходы_Detail",""
"}ElementAttributes_Значение_ОПР_Прямые расходы_Service",""
"}ElementAttributes_Значение_ОПР_Прямые расходы_Коэф",""
"}ElementAttributes_Значение_ОПР_Прямые расходы_Тарифы",""
"}ElementAttributes_Значение_ОПР_Прямые расходы_Тарифы АНО",""
"}ElementAttributes_Значение_ОПР_Прямые расходы_Тарифы Груз",""
"}ElementAttributes_Значение_ОПР_Прямые расходы_ЦЕУ",""
"}ElementAttributes_Значение_ОПР_Прямые расходы_Эталон",""
"}ElementAttributes_Значение_Экипаж_БЦ",""
"}ElementAttributes_Значение анкеты",""
"}ElementAttributes_Значение БортПитание",""
"}ElementAttributes_Значение БортПитание инфл",""
"}ElementAttributes_Значение внесения корректировки",""
"}ElementAttributes_Значение добавления номенклатур",""
"}ElementAttributes_Значение добавления элементов",""
"}ElementAttributes_Значение Доставка",""
"}ElementAttributes_Значение Доставка_БР",""
"}ElementAttributes_Значение Доставка_Резерв",""
"}ElementAttributes_Значение Доставка Отчёт",""
"}ElementAttributes_Значение драйверы",""
"}ElementAttributes_Значение МО",""
"}ElementAttributes_Значение нормативы работ_услуг",""
"}ElementAttributes_Значение НО собств.",""
"}ElementAttributes_Значение Параметры",""
"}ElementAttributes_Значение ПЗ",""
"}ElementAttributes_Значение ПЗ отчет",""
"}ElementAttributes_Значение прочие услуги",""
"}ElementAttributes_Значение Ранний выезд",""
"}ElementAttributes_Значение Рез_Эст",""
"}ElementAttributes_Значение унив.",""
"}ElementAttributes_Значения",""
"}ElementAttributes_Значения_БортПит_БЦ_Напитки",""
"}ElementAttributes_Значения_ЛизингПлатеж",""
"}ElementAttributes_Значения_НСИ_ФОТ_Проц",""
"}ElementAttributes_Значения_ОПР_ПассДоходы_Возм_БД",""
"}ElementAttributes_Значения_ОПР_ПассДоходы_Возм_БЦ",""
"}ElementAttributes_Значения_ТМЦ",""
"}ElementAttributes_Значения_ТМЦ_ДрайверПотребность",""
"}ElementAttributes_Значения_ТМЦ_Драйверы",""
"}ElementAttributes_Значения_ТМЦ_НормСписания",""
"}ElementAttributes_Значения_ТМЦ_ОдноразПосуда",""
"}ElementAttributes_Значения_ТМЦ_РасчРасхЗак",""
"}ElementAttributes_Значения Базирование",""
"}ElementAttributes_Значения БДР",""
"}ElementAttributes_Значения БР_ОформлПропДоп",""
"}ElementAttributes_Значения Визы",""
"}ElementAttributes_Значения выполнения форм ТО",""
"}ElementAttributes_Значения Командировки",""
"}ElementAttributes_Значения нахождения ЧЭ на эстафете и в резерве",""
"}ElementAttributes_Значения Нотариальные услуги",""
"}ElementAttributes_Значения Обучение",""
"}ElementAttributes_Значения Обязательное обучение",""
"}ElementAttributes_Значения Переводы",""
"}ElementAttributes_Значения Повышение квалификации",""
"}ElementAttributes_Значения Почта",""
"}ElementAttributes_Значения Пропуска",""
"}ElementAttributes_Значения прочих расходов на ПЛГ",""
"}ElementAttributes_Значения расходов будущих периодов",""
"}ElementAttributes_Значения расходов на IT-сопровождение",""
"}ElementAttributes_Значения расходов на базирование ВС",""
"}ElementAttributes_Значения расходов на бренд и PR",""
"}ElementAttributes_Значения расходов на лизинг ВС",""
"}ElementAttributes_Значения расходов на материальное обеспечение авиаперевозок",""
"}ElementAttributes_Значения расходов на навигационное обеспечение",""
"}ElementAttributes_Значения расходов на страхование авиаперевозок",""
"}ElementAttributes_Значения расходов на таможенное оформление",""
"}ElementAttributes_Значения Семинары",""
"}ElementAttributes_Значения статусы",""
"}ElementAttributes_Значения Стоимость билетов сторонних АК",""
"}ElementAttributes_Значения ТМЦ",""
"}ElementAttributes_Значения Тренажерная подготовка",""
"}ElementAttributes_Инв номер",""
"}ElementAttributes_Инфляция",""
"}ElementAttributes_Использ парка ВС",""
"}ElementAttributes_Исправность ВС",""
"}ElementAttributes_Кат. перс.",""
"}ElementAttributes_Категория перс.",""
"}ElementAttributes_Категория персонала",""
"}ElementAttributes_Классиф_рисков",""
"}ElementAttributes_Классификация вложений",""
"}ElementAttributes_Код_ВО",""
"}ElementAttributes_Код направления ИАТА",""
"}ElementAttributes_Код питания",""
"}ElementAttributes_Код региона",""
"}ElementAttributes_Количество ВС",""
"}ElementAttributes_Контрагенты",""
"}ElementAttributes_Контрагенты_ТЕХ",""
"}ElementAttributes_Копирование",""
"}ElementAttributes_Курсы валют",""
"}ElementAttributes_Линия",""
"}ElementAttributes_Лог ПЗ",""
"}ElementAttributes_Локация",""
"}ElementAttributes_Локация_ТЕХ",""
"}ElementAttributes_Маршрут",""
"}ElementAttributes_МВЗ",""
"}ElementAttributes_МВЗ_ТЕХ",""
"}ElementAttributes_МедОбсл показатели дох",""
"}ElementAttributes_Меппинг",""
"}ElementAttributes_Меры_СОГЛ_СН",""
"}ElementAttributes_Месяц",""
"}ElementAttributes_Назначение вложений",""
"}ElementAttributes_Налог на прибыль",""
"}ElementAttributes_Нахождение",""
"}ElementAttributes_НЛГ_НалПрибыль",""
"}ElementAttributes_Нормативы работ",""
"}ElementAttributes_НСИ_ID Объекта",""
"}ElementAttributes_НСИ_WACC Группы Аэрофлот",""
"}ElementAttributes_НСИ_АвтотрСпецтех",""
"}ElementAttributes_НСИ_АхШР",""
"}ElementAttributes_НСИ_КодВО",""
"}ElementAttributes_НСИ_КодВОпоКат",""
"}ElementAttributes_НСИ_КодШО",""
"}ElementAttributes_НСИ_Методика расчета ФОТ",""
"}ElementAttributes_НСИ_Мэппинг ВОиМ по ТП",""
"}ElementAttributes_НСИ_Планеры",""
"}ElementAttributes_НСИ_Планирование экипажей",""
"}ElementAttributes_НСИ_ПоправКоэфф",""
"}ElementAttributes_НСИ_Тип персонала",""
"}ElementAttributes_НСИ_Типы ВС",""
"}ElementAttributes_НСИ_ФОТ_Проверка ФОТ ЛС и БП",""
"}ElementAttributes_НСИ_ФОТ_Справочник страх. взносов",""
"}ElementAttributes_НСИ_ФОТЛСКРС",""
"}ElementAttributes_ОбразоватУсл показатели дох",""
"}ElementAttributes_Обьекты",""
"}ElementAttributes_ОПР_БД_АвДопУслБезАг",""
"}ElementAttributes_ОПР_БД_АрендаПомещ",""
"}ElementAttributes_ОПР_БД_АэропортДеят",""
"}ElementAttributes_ОПР_БД_ВозмАкцизАвГСМ",""
"}ElementAttributes_ОПР_БД_МедОбслуж",""
"}ElementAttributes_ОПР_БД_ОбразоватУсл",""
"}ElementAttributes_ОПР_БД_СубарендаВС",""
"}ElementAttributes_ОПР_БД_ТОиРемонтТС",""
"}ElementAttributes_ОПР_БЗ_ПОнеОбъектФВ",""
"}ElementAttributes_ОПР_БЗ_СертифЛетГодВС",""
"}ElementAttributes_ОПР_БЗ_СертифЛицПроч",""
"}ElementAttributes_ОПР_БЗ_СтраховАвиапер",""
"}ElementAttributes_ОПР_БЗ_Страхование",""
"}ElementAttributes_ОПР_БЗ_СтраховПрочее",""
"}ElementAttributes_ОПР_БЗ_СтраховСотруд",""
"}ElementAttributes_ОПР_БЗ_СтраховТрансп",""
"}ElementAttributes_ОПР_БР_АмортизацияОбщ",""
"}ElementAttributes_ОПР_БР_АмОСвТечПер",""
"}ElementAttributes_ОПР_БР_АмОСдоНачПер",""
"}ElementAttributes_ОПР_БР_АрендаПомещЗУ",""
"}ElementAttributes_ОПР_БР_БазированВС",""
"}ElementAttributes_ОПР_БР_БрендPR",""
"}ElementAttributes_ОПР_БР_ДоставкаЭкипаж",""
"}ElementAttributes_ОПР_БР_Итсопровожден",""
"}ElementAttributes_ОПР_БР_КапРемВСвТеч",""
"}ElementAttributes_ОПР_БР_КапРемВСвТеч_",""
"}ElementAttributes_ОПР_БР_КапРемВСдоНач",""
"}ElementAttributes_ОПР_БР_ЛизингВС",""
"}ElementAttributes_ОПР_БР_Навигация",""
"}ElementAttributes_ОПР_БР_ОбеспечДеятМЧС",""
"}ElementAttributes_ОПР_БР_ОбщекорпРасх",""
"}ElementAttributes_ОПР_БР_ОбщекорпРасхРВ",""
"}ElementAttributes_ОПР_БР_ОтчФОТ",""
"}ElementAttributes_ОПР_БР_ОформлПропДоп",""
"}ElementAttributes_ОПР_БР_ПБ и ГО ЧС",""
"}ElementAttributes_ОПР_БР_ПерсВизыПасп",""
"}ElementAttributes_ОПР_БР_ПерсМедКомисс",""
"}ElementAttributes_ОПР_БР_ПерсОхрТруда",""
"}ElementAttributes_ОПР_БР_ПерсСоцХаракт",""
"}ElementAttributes_ОПР_БР_ПрочиеРасхПЛГ",""
"}ElementAttributes_ОПР_БР_ПрочОбщепрАУР",""
"}ElementAttributes_ОПР_БР_РБПвТечПер",""
"}ElementAttributes_ОПР_БР_РБПдоНачПер",""
"}ElementAttributes_ОПР_БР_РезервыОбесцен",""
"}ElementAttributes_ОПР_БР_РезервыПЛГВС",""
"}ElementAttributes_ОПР_БР_Реклама",""
"}ElementAttributes_ОПР_БР_САТспецтехГСМ",""
"}ElementAttributes_ОПР_БР_САТспецтехРем",""
"}ElementAttributes_ОПР_БР_СодержКСБ",""
"}ElementAttributes_ОПР_БР_СодержПомещЗУ",""
"}ElementAttributes_ОПР_БР_СодПредставит",""
"}ElementAttributes_ОПР_БР_СтрахВзносФОТСоцХар",""
"}ElementAttributes_ОПР_БР_СтрахВтечПер",""
"}ElementAttributes_ОПР_БР_СтрахДоНачПер",""
"}ElementAttributes_ОПР_БР_СтрахованиеГО",""
"}ElementAttributes_ОПР_БР_СтрахованиеОбщ",""
"}ElementAttributes_ОПР_БР_Таможня",""
"}ElementAttributes_ОПР_БР_ТМЦ",""
"}ElementAttributes_ОПР_БР_УслБанка",""
"}ElementAttributes_ОПР_БР_ФОТ",""
"}ElementAttributes_ОПР_БР_ФОТ_Показатели",""
"}ElementAttributes_ОПР_БР_ФОТЛСКРС",""
"}ElementAttributes_ОПР_БР_ФОТПроверка",""
"}ElementAttributes_ОПР_БЦ_БилетыСторАК",""
"}ElementAttributes_ОПР_БЦ_БортПитОбеспеч",""
"}ElementAttributes_ОПР_БЦ_БортПитПассаж",""
"}ElementAttributes_ОПР_БЦ_БортПитЭкипаж",""
"}ElementAttributes_ОПР_БЦ_ДоставкаЭк",""
"}ElementAttributes_ОПР_БЦ_НорматКомандир",""
"}ElementAttributes_ОПР_БЦ_НорматСуточных",""
"}ElementAttributes_ОПР_БЦ_НОсторОрг",""
"}ElementAttributes_ОПР_БЦ_ОбщекорпРасхЗК",""
"}ElementAttributes_ОПР_БЦ_ОформлПропДоп",""
"}ElementAttributes_ОПР_БЦ_ПерсВизыПасп",""
"}ElementAttributes_ОПР_БЦ_ПерсОбучение",""
"}ElementAttributes_ОПР_БЦ_ПитПрожЭстафет",""
"}ElementAttributes_ОПР_БЦ_СДСГрузПочта",""
"}ElementAttributes_ОПР_БЦ_ТМЦ",""
"}ElementAttributes_ОПР_БЦ_ТОсторОрг",""
"}ElementAttributes_ОПР_БЦ_ЦенаЭпизодРасх",""
"}ElementAttributes_ОПР_ДохГрузПочта",""
"}ElementAttributes_ОПР_НЗ_ГрузПочта",""
"}ElementAttributes_ОПР_НЗ_ДохЧартБлМкомп",""
"}ElementAttributes_ОПР_НЗ_ДрайверПассДох",""
"}ElementAttributes_ОПР_НЗ_КоэффСписТМЦ",""
"}ElementAttributes_ОПР_НЗ_ЛЧ_ЛЦ",""
"}ElementAttributes_ОПР_НЗ_НормыВремНП",""
"}ElementAttributes_ОПР_НЗ_ПикЗагрузНП",""
"}ElementAttributes_ОПР_НЗ_ПрАгВзнАвиаГСМ",""
"}ElementAttributes_ОПР_НЗ_ПроцентБП",""
"}ElementAttributes_ОПР_НЗ_ПроцПотРабВрЛСБП",""
"}ElementAttributes_ОПР_ПассДоходы_БЦ",""
"}ElementAttributes_ОПР_ПЛГ_КоэффБП",""
"}ElementAttributes_ОПР_ПЛГ_КоэффИнд",""
"}ElementAttributes_ОПР_ПЛГ_СтавкаКсЛизинг",""
"}ElementAttributes_ОПР_СМ_БортПитание",""
"}ElementAttributes_ОПР_СМ_ДиРсубсидии",""
"}ElementAttributes_ОПР_СМ_ПрочиеДиР",""
"}ElementAttributes_ОПР_Экипаж_Резерв_НЗ",""
"}ElementAttributes_ОПР_Экипаж_Эстафета_НЗ",""
"}ElementAttributes_Партийный номер",""
"}ElementAttributes_Паспорт проекта",""
"}ElementAttributes_Перечень бюджетов",""
"}ElementAttributes_Питание и проживание",""
"}ElementAttributes_Питание линии",""
"}ElementAttributes_Подразделения",""
"}ElementAttributes_Подразделения_R1090800",""
"}ElementAttributes_Подразделения_ЗВК",""
"}ElementAttributes_Подразделения_ЗВК_Визы",""
"}ElementAttributes_Подразделения_ЗВК_Командировки",""
"}ElementAttributes_Подразделения_ЗВК_Нотариус",""
"}ElementAttributes_Подразделения_ЗВК_Обучение",""
"}ElementAttributes_Подразделения_ЗВК_Перевод",""
"}ElementAttributes_Подразделения_ЗВК_Почта",""
"}ElementAttributes_Подразделения_ЗВК_Пропуска",""
"}ElementAttributes_Подразделения_ЗВК_ТМЦ",""
"}ElementAttributes_Подразделения_ТЕХ",""
"}ElementAttributes_Подразделения Pick List",""
"}ElementAttributes_Показатели_ЗВК_Командировки_Сводный отчет",""
"}ElementAttributes_Показатели анкеты",""
"}ElementAttributes_Показатели инфляции",""
"}ElementAttributes_Показатели ПЛГ",""
"}ElementAttributes_Показатели реализации",""
"}ElementAttributes_Показатели УФОРТ",""
"}ElementAttributes_Показатель_НСИ_РайонКоэф",""
"}ElementAttributes_Показатель_ФОТ",""
"}ElementAttributes_Показатель НСИ_ВО ЛС и БП",""
"}ElementAttributes_Показатель НСИ_ФОТ_Бюджет страх. взн.",""
"}ElementAttributes_Показатель НСИ_ФОТ_Бюджет ФОТ",""
"}ElementAttributes_Показатель НСИ_ФОТ_Индексация",""
"}ElementAttributes_Показатель НСИ_ФОТ_Расчет ФОТ",""
"}ElementAttributes_Пользователь",""
"}ElementAttributes_Пользователь Pick List",""
"}ElementAttributes_Поставщики",""
"}ElementAttributes_Предпосылки",""
"}ElementAttributes_Презентация проектов",""
"}ElementAttributes_Прилет_Вылет",""
"}ElementAttributes_Программы обучения",""
"}ElementAttributes_ПродажаИмущ показатели дох",""
"}ElementAttributes_ПРП_ДАТО",""
"}ElementAttributes_ПРП_ДиспПерр",""
"}ElementAttributes_ПРП_ДиспПеррпик",""
"}ElementAttributes_ПРП_ДиспСОПП",""
"}ElementAttributes_ПРП_ДиспСОППпик",""
"}ElementAttributes_ПРП_ДрайвКоэфф",""
"}ElementAttributes_ПРП_ДУАБиРдок",""
"}ElementAttributes_ПРП_ДУАБиРпсж",""
"}ElementAttributes_ПРП_КоличВСсертиф",""
"}ElementAttributes_ПРП_ЛЧасЦикл",""
"}ElementAttributes_ПРП_НЗ_ВидРаботУслуг",""
"}ElementAttributes_ПРП_НЗ_СтатНеисправн",""
"}ElementAttributes_ПРП_ПрогрМОсобств",""
"}ElementAttributes_ПРП_ПрогрНОсобств",""
"}ElementAttributes_ПРП_ПрогрТОсобств",""
"}ElementAttributes_ПРП_ПрогрТОСС",""
"}ElementAttributes_ПРП_ПрогрТОсторон",""
"}ElementAttributes_ПРП_РасчетЭкипаж",""
"}ElementAttributes_ПРП_СреднЧислПерс",""
"}ElementAttributes_ПРП_УиЭСКиУВСмакс1",""
"}ElementAttributes_ПРП_УиЭСКиУВСмакс2",""
"}ElementAttributes_ПРП_УиЭСКиУВСпик",""
"}ElementAttributes_ПРП_УиЭСКиУВСсргод1",""
"}ElementAttributes_ПРП_УиЭСКиУВСсргод2",""
"}ElementAttributes_ПРП_ЧисленнБП",""
"}ElementAttributes_ПРП_ЧисленнНП",""
"}ElementAttributes_ПРП_ЭкипажРезерв",""
"}ElementAttributes_ПРП_ЭкипажЭстафета",""
"}ElementAttributes_ПРП_Эталон Zero",""
"}ElementAttributes_Раздел описания проекта",""
"}ElementAttributes_РасхЗЧ_КИ_склад",""
"}ElementAttributes_Расх капремонт",""
"}ElementAttributes_Расх лизинг",""
"}ElementAttributes_Расходы",""
"}ElementAttributes_Расх фин деят",""
"}ElementAttributes_Расчет экипажей",""
"}ElementAttributes_Регион взлета",""
"}ElementAttributes_Регион посадки",""
"}ElementAttributes_Регионы",""
"}ElementAttributes_Регламент",""
"}ElementAttributes_Регламент согласования",""
"}ElementAttributes_Реестр корректировок",""
"}ElementAttributes_Реестр номеров",""
"}ElementAttributes_Реестр проектов",""
"}ElementAttributes_РекламаНаВС показатели дох",""
"}ElementAttributes_Сезон IATA",""
"}ElementAttributes_Серийный номер",""
"}ElementAttributes_Серийный номер компоненты",""
"}ElementAttributes_Смета",""
"}ElementAttributes_Собст_Стор_ВС",""
"}ElementAttributes_Собств_сторон",""
"}ElementAttributes_СОГЛ_ОД_РСБ",""
"}ElementAttributes_СодержПомещ ЗемУчас",""
"}ElementAttributes_Список Бюджетов",""
"}ElementAttributes_СписРезервПЛГ ПаркВС",""
"}ElementAttributes_Справочник ролей",""
"}ElementAttributes_Сроки проекта",""
"}ElementAttributes_Стадия",""
"}ElementAttributes_Статус_ПЗ",""
"}ElementAttributes_Статус ПЗ",""
"}ElementAttributes_Статьи_ОПР_ПассДоходы_Конс",""
"}ElementAttributes_Статьи_ОПР_Прямые расходы",""
"}ElementAttributes_Стоимость_сроки",""
"}ElementAttributes_Страны",""
"}ElementAttributes_СубарендаВС показатели дох",""
"}ElementAttributes_Субсидии показатели дох",""
"}ElementAttributes_Сумма",""
"}ElementAttributes_Сценарий",""
"}ElementAttributes_ТехОбслуж показатели дох",""
"}ElementAttributes_Тип данных",""
"}ElementAttributes_Тип компоненты",""
"}ElementAttributes_Тип КС",""
"}ElementAttributes_Тип налета",""
"}ElementAttributes_Типы ВС_нси",""
"}ElementAttributes_Типы ВС_нси_2",""
"}ElementAttributes_ТОиРемонтТС показатели дох",""
"}ElementAttributes_Уровень риска",""
"}ElementAttributes_УслПровайдТО СВАД",""
"}ElementAttributes_Услуги",""
"}ElementAttributes_Услуги АНО",""
"}ElementAttributes_ФИН_ДепозитПортф",""
"}ElementAttributes_ФИН_ДохФинДеят",""
"}ElementAttributes_ФИН_КредитПортф",""
"}ElementAttributes_ФИН_ПоручитЛизинг",""
"}ElementAttributes_ФИН_РасхФинДеят",""
"}ElementAttributes_Цены авиаГСМ",""
"}ElementAttributes_ЦФО",""
"}ElementAttributes_ЦФО_ЗВК",""
"}ElementAttributes_ЦФО_ОД",""
"}ElementAttributes_ЦФО_ТЕХ",""
"}ElementAttributes_ЦФО Pick List",""
"}ElementAttributes_ЦФО ИД",""
"}ElementAttributes_ЦФО ОД",""
"}ElementAttributes_Шапка ПЗ",""
"}ElementAttributes_Штатные единицы",""
"}ElementAttributes_Штатные единицы_ТЕХ",""
"}ElementAttributes_Эталон",""
"}ElementAttributes_Эталон по рейсам",""
"}ElementAttributes_Эффективность проекта",""
"}ElementAttributes_Язык",""
"}ElementProperties",""
"}Features",""
"}Groups","Роли (группы) в Cognos"
"}Hierarchies",""
"}HierarchyProperties",""
"}Hold",""
"}LineNumber",""
"}Modeling",""
"}ModelProperties",""
"}PerfClients",""
"}PerfCubes",""
"}Permissions",""
"}PickList",""
"}Processes",""
"}ProgressTimings",""
"}RuleStats",""
"}SecurityOverlay",""
"}StatsByProcess",""
"}StatsStatsByClient",""
"}StatsStatsByCube",""
"}StatsStatsByCubeByClient",""
"}StatsStatsForServer",""
"}TimeIntervals",""
"}tp_app_user_preference",""
"}tp_applications",""
"}tp_config",""
"}tp_intermediate_security_applications",""
"}tp_intermediate_security_measures",""
"}tp_job_info",""
"}tp_jobs",""
"}tp_node_info",""
"}tp_permissions",""
"}tp_process_error_measures",""
"}tp_process_errors_localization",""
"}tp_process_guids",""
"}tp_root_permissions",""
"}tp_system_config",""
"}tp_task_navigations",""
"}tp_workflow_action_TI_measures",""
"}tp_workflow_actions",""
"АвДопУслБезАг - показатели дох",""
"АвДопУслБезАг - показатели расчета",""
"Авиакомпания",""
"АвПчтГрузБезАг показатели дох",""
"АвЧартБлокМест показатели дох",""
"Анкета проекта",""
"АрендаПомещ показатели дох",""
"АрендаРемСпецАвто",""
"АэропДеят",""
"АэропортДеят показатели дох",""
"Аэропорты",""
"Аэропорты_посадки",""
"Аэропорты_применен",""
"Базирование",""
"Блоктайм",""
"Борт",""
"Борт_ТЕХ",""
"Борт ВС",""
"Бортовое питание",""
"БортПитание",""
"Бюджетная номенклатура",""
"Бюджетная номенклатура_ТЕХ",""
"Бюджетная форма",""
"Бюджеты","Бюджеты"
"Валюта","Валюта"
"Версия","Версия"
"Вес",""
"Вид взносов ФОТ",""
"Вид вложений",""
"Вид вложения",""
"Вид заявки",""
"Вид ЗС",""
"Вид корректировки",""
"Вид НСИ","Вид НСИ"
"Вид оплаты",""
"Вид работ","Вид работ"
"Вид стоимости",""
"Вид услуг",""
"Вид ФВ",""
"Виды амортизации","Виды амортизации"
"Виды командировок","Виды командировок"
"Виды обучения",""
"Виды работ_услуг",""
"Виды страхования",""
"Владение объектом",""
"ВозмАкцизАвГСМ показатели дох",""
"ВозмАкцизГСМ расчет",""
"ВозмАкциз Ставка",""
"ВозмСтоимРем показатели дох",""
"Время отправления UTC",""
"Время отправления МСК",""
"Время прибытия UTC",""
"Время прибытия МСК",""
"Вход_ЛЭКЭ1",""
"Вход_ЛЭКЭ2",""
"Вход_НП1",""
"Вылет_прилет",""
"Выплаты_ФОТ",""
"Гаражный номер",""
"Год","Год"
"Год Pick List",""
"Год планирования",""
"Город","Город"
"Город командировки",""
"Груз_Почта",""
"Группа иерархий",""
"Группа ОС_РБП",""
"Группа ТМЦ",""
"Дата","Дата"
"Дата 2000",""
"Дата бюджета",""
"Дата рейса UTC",""
"Дата рейса МСК",""
"День","День"
"День_Ночь",""
"День недели",""
"Депозитный портфель",""
"ДиР",""
"Диспетчеры",""
"для аэропорта",""
"Для вида работ",""
"Для норм работ",""
"Дни ремонта",""
"Доля грузовых доходов",""
"Дох. ставки по перевоз. пасс.",""
"Доход_расход проекта",""
"Доходы",""
"Дох фин деят",""
"Драйвер",""
"Драйвер_ОПР_ПассДоходы_Возм",""
"Ед. измерения",""
"Единицы измерения ТМЦ",""
"Завтрак",""
"Загрузка_Эталон_N","Список копирования"
"Заказчик",""
"Запись корр.",""
"Затраты на проч виды страх",""
"ЗВК_Драйверы_Коэффициенты_ГИ",""
"ЗВК_Обуч_Типы_Заявок",""
"Значение",""
"Значение_АДМ_Тип","Показатели куба: Расчет, Элемент"
"Значение_БЗ_авиаГСМ",""
"Значение_БЗ_ЗЧКИ",""
"Значение_БЗ_ПО",""
"Значение_БЗ_СертПрч",""
"Значение_БЗ_СлгВС",""
"Значение_БЗ_СтрАвПеревоз",""
"Значение_БЗ_СтрПрч",""
"Значение_БЗ_ТМЦ",""
"Значение_БЗ_ТОВСАД",""
"Значение_БЗ_ТОВСАД_СС",""
"Значение_Визы",""
"Значение_Загрузка_АхШР_Log",""
"Значение_Загрузка_НСИ_БазаФОТ_Log",""
"Значение_Загрузка_НСИ_ФОТ(план)_Log",""
"Значение_Загрузка_Эталон",""
"Значение_Загрузка_Эталон_Log",""
"Значение_Копирование данных","Показатели для копирования данных"
"Значение_Копирование данных_Log",""
"Значение_Копирование сценариев",""
"Значение_Копирование сценариев_Log",""
"Значение_НЛГ_НалогОтчисл",""
"Значение_НСИ_Услуги_ДиР",""
"Значение_ОПР_ДопУсл",""
"Значение_ОПР_Прямые расходы_Detail",""
"Значение_ОПР_Прямые расходы_Detail_Distr",""
"Значение_ОПР_Прямые расходы_Service",""
"Значение_ОПР_Прямые расходы_Коэф",""
"Значение_ОПР_Прямые расходы_Тарифы",""
"Значение_ОПР_Прямые расходы_Тарифы АНО",""
"Значение_ОПР_Прямые расходы_Тарифы Груз",""
"Значение_ОПР_Прямые расходы_ЦЕУ",""
"Значение_ОПР_Прямые расходы_Эталон",""
"Значение_ОПР_Прямые расходы_Эталон_ГСМ",""
"Значение_ОПР_Прямые расходы_Эталон_Тарифы АНО",""
"Значение_ОПР_Прямые расходы_Эталон_Экипаж",""
"Значение_СМ_перевоз",""
"Значение_Экипаж_БЦ",""
"Значение ID ПЗ",""
"Значение анкеты",""
"Значение Борт",""
"Значение БортПитание",""
"Значение БортПитание инфл",""
"Значение БР_ОформлПропДоп",""
"Значение внесения корректировки",""
"Значение груз_почта",""
"Значение добавления номенклатур",""
"Значение добавления элементов",""
"Значение Доставка",""
"Значение Доставка_БР",""
"Значение Доставка_Резерв",""
"Значение Доставка Отчёт",""
"Значение драйверы",""
"Значение МВЗ",""
"Значение МО",""
"Значение нормативы работ_услуг",""
"Значение НО собств.",""
"Значение описание ПЗ",""
"Значение Параметры",""
"Значение ПЗ",""
"Значение ПЗ отчет",""
"Значение прочие услуги",""
"Значение Прямые расходы",""
"Значение Ранний выезд",""
"Значение Рез_Эст",""
"Значение Сообщения",""
"Значение тип ВС",""
"Значение унив.",""
"Значение ФИО",""
"Значение Цена ТМЦ",""
"Значения",""
"Значения_БортПит_БЦ_Напитки",""
"Значения_ЛизингПлатеж",""
"Значения_НСИ_ГруппаИерархий",""
"Значения_НСИ_ФОТ_Проц",""
"Значения_ОПР_ПассДоходы_Возм_БД",""
"Значения_ОПР_ПассДоходы_Возм_БЦ",""
"Значения_ТМЦ",""
"Значения_ТМЦ_ДрайверПотребность",""
"Значения_ТМЦ_Драйверы",""
"Значения_ТМЦ_НормСписания",""
"Значения_ТМЦ_ОдноразПосуда",""
"Значения_ТМЦ_РасчРасхЗак",""
"Значения Базирование",""
"Значения БДР",""
"Значения БР_ОформлПропДоп",""
"Значения Визы",""
"Значения выполнения форм ТО",""
"Значения заправки АГСМ",""
"Значения Командировки",""
"Значения КС",""
"Значения нахождения ЧЭ на эстафете и в резерве",""
"Значения норм выполнения форм ТО",""
"Значения Нотариальные услуги",""
"Значения Обучение",""
"Значения Обязательное обучение",""
"Значения параметров",""
"Значения Переводы",""
"Значения Повышение квалификации",""
"Значения Почта",""
"Значения Пропуска",""
"Значения прочих расходов на ПЛГ",""
"Значения расходов будущих периодов",""
"Значения расходов на IT-сопровождение",""
"Значения расходов на базирование ВС",""
"Значения расходов на бренд и PR",""
"Значения расходов на лизинг ВС",""
"Значения расходов на материальное обеспечение авиаперевозок",""
"Значения расходов на навигационное обеспечение",""
"Значения расходов на страхование авиаперевозок",""
"Значения расходов на таможенное оформление",""
"Значения Семинары",""
"Значения статусы",""
"Значения Стоимость билетов сторонних АК",""
"Значения ТМЦ",""
"Значения Тренажерная подготовка",""
"Зона полетов",""
"Идентификация риска",""
"Инв номер",""
"Индекс цен",""
"Инфляция",""
"Исполнитель",""
"Использ парка ВС",""
"Исправность ВС",""
"Источник данных",""
"КапРемСВАД начПер показатели",""
"КапРемСВАД остНач",""
"КапРемСВАД расх",""
"Кат. перс.",""
"Категория",""
"Категория перс.",""
"Категория персонала",""
"Классиф_рисков",""
"Классификация вложений",""
"Класс обсл.",""
"Код_ВО",""
"Код направления ИАТА",""
"Код питания",""
"Код регион",""
"Код региона",""
"Код региона ИАТА",""
"Кол_Сумма",""
"Количество",""
"Количество ВС",""
"Количество дней",""
"Команд. расх.",""
"Компонента",""
"Контрагенты",""
"Контрагенты_ТЕХ",""
"Копирование",""
"Корректировка",""
"Корректировки",""
"КраткосрочЛизингКомпонВС",""
"Кред-займ",""
"Курс_обучения",""
"Курсы валют",""
"Лизинг компон ВС",""
"Линия",""
"Линия1",""
"Линия_1",""
"Линия_3",""
"Линия_4",""
"Лог ПЗ",""
"Локация",""
"Локация_ТЕХ",""
"ЛЧ_ЛЦ",""
"Маршрут",""
"МВЗ","МВЗ"
"МВЗ_DAX3",""
"МВЗ_ТЕХ",""
"МедОбсл показатели дох",""
"Меппинг",""
"Меры_СОГЛ_СН",""
"Месяц","Месяц"
"Модификация ВС",""
"Назначение вложений",""
"Наименование работ",""
"Налог на прибыль",""
"Налог на прибыль статьи",""
"Направление",""
"Направление_1",""
"Направление_2",""
"Направление_3",""
"Направление ИАТА",""
"Нахождение",""
"НЛГ_НалПрибыль",""
"Номер корректировки",""
"Номер рейса",""
"Нормативы работ",""
"Нормы Диспетчера",""
"Нормы работ",""
"НСИ",""
"НСИ_ID Объекта",""
"НСИ_WACC Группы Аэрофлот",""
"НСИ_АвтотрСпецтех",""
"НСИ_АхШР",""
"НСИ_БазаФОТ",""
"НСИ_ВО ЛС и БП_обр",""
"НСИ_Загрузка_ФОТ(план)",""
"НСИ_КатегорПерс",""
"НСИ_КодВО",""
"НСИ_КодВОпоКат",""
"НСИ_КодШО",""
"НСИ_КСА",""
"НСИ_МВЗ_DAX3",""
"НСИ_Методика расчета ФОТ",""
"НСИ_Мэппинг ВОиМ по ТП",""
"НСИ_Направления",""
"НСИ_Планеры",""
"НСИ_Планирование экипажей",""
"НСИ_ПоправКоэфф",""
"НСИ_Ранний выезд",""
"НСИ_РегионИАТА",""
"НСИ_СтавкаКСлизинг",""
"НСИ_Статьи_ФОТ_СоцХар",""
"НСИ_Тип персонала",""
"НСИ_Типы ВС",""
"НСИ_УслугаДрайв",""
"НСИ_ФОТ_Проверка ФОТ ЛС и БП",""
"НСИ_ФОТ_Справочник страх. взносов",""
"НСИ_ФОТЛСКРС",""
"ОбеспОхрТруд расх",""
"ОбразоватУсл показатели дох",""
"Общепроизв и АУР расх",""
"Обьекты",""
"ОПР_БД_АвДопУслБезАг",""
"ОПР_БД_АрендаПомещ",""
"ОПР_БД_АэропортДеят",""
"ОПР_БД_ВозмАкцизАвГСМ",""
"ОПР_БД_ГрузПочта",""
"ОПР_БД_МедОбслуж",""
"ОПР_БД_ОбразоватУсл",""
"ОПР_БД_ПассДоходы",""
"ОПР_БД_СубарендаВС",""
"ОПР_БД_ТехОбслуж",""
"ОПР_БД_ТОиРемонтТС",""
"ОПР_БЗ_ПОнеОбъектФВ",""
"ОПР_БЗ_СертифЛетГодВС",""
"ОПР_БЗ_СертифЛицПроч",""
"ОПР_БЗ_СтраховАвиапер",""
"ОПР_БЗ_Страхование",""
"ОПР_БЗ_СтраховПрочее",""
"ОПР_БЗ_СтраховСотруд",""
"ОПР_БЗ_СтраховТрансп",""
"ОПР_БЗ_ТМЦ",""
"ОПР_БР_АмортизацияОбщ",""
"ОПР_БР_АмОС",""
"ОПР_БР_АмОСвТечПер",""
"ОПР_БР_АмОСдоНачПер",""
"ОПР_БР_АрендаПомещЗУ",""
"ОПР_БР_БазированВС",""
"ОПР_БР_БрендPR",""
"ОПР_БР_ДоставкаЭкипаж",""
"ОПР_БР_Итсопровожден",""
"ОПР_БР_КапРемВСвТеч",""
"ОПР_БР_КапРемВСвТеч_",""
"ОПР_БР_КапРемВСдоНач",""
"ОПР_БР_ЛизингВС",""
"ОПР_БР_МатОбесп",""
"ОПР_БР_Навигация",""
"ОПР_БР_ОбеспечДеятМЧС",""
"ОПР_БР_ОбщекорпРасх",""
"ОПР_БР_ОбщекорпРасхЗК",""
"ОПР_БР_ОбщекорпРасхРВ",""
"ОПР_БР_ОтчФОТ",""
"ОПР_БР_ОформлПропДоп",""
"ОПР_БР_ПБ и ГО ЧС",""
"ОПР_БР_ПерсВизыПасп",""
"ОПР_БР_ПерсКомандСут",""
"ОПР_БР_ПерсМедКомисс",""
"ОПР_БР_ПерсОбучение",""
"ОПР_БР_ПерсОбязПрочОб",""
"ОПР_БР_ПерсОхрТруда",""
"ОПР_БР_ПерсПовышКвал",""
"ОПР_БР_ПерсПрочие",""
"ОПР_БР_ПерсСоцХаракт",""
"ОПР_БР_ПерсТренажПодг",""
"ОПР_БР_ПрочиеРасхПЛГ",""
"ОПР_БР_ПрочОбщепрАУР",""
"ОПР_БР_РБПвТечПер",""
"ОПР_БР_РБПдоНачПер",""
"ОПР_БР_РезервыОбесцен",""
"ОПР_БР_РезервыПЛГВС",""
"ОПР_БР_Реклама",""
"ОПР_БР_САТспецтехГСМ",""
"ОПР_БР_САТспецтехРем",""
"ОПР_БР_СодержКСБ",""
"ОПР_БР_СодержПомещЗУ",""
"ОПР_БР_СодПредставит",""
"ОПР_БР_СтрахВзносФОТСоцХар",""
"ОПР_БР_СтрахВтечПер",""
"ОПР_БР_СтрахДоНачПер",""
"ОПР_БР_СтрахованиеГО",""
"ОПР_БР_СтрахованиеОбщ",""
"ОПР_БР_Таможня",""
"ОПР_БР_ТМЦ",""
"ОПР_БР_УслБанка",""
"ОПР_БР_ФОТ",""
"ОПР_БР_ФОТ_Показатели",""
"ОПР_БР_ФОТВсего",""
"ОПР_БР_ФОТЛСКРС",""
"ОПР_БР_ФОТПроверка",""
"ОПР_БЦ_АНОпоТрассе",""
"ОПР_БЦ_БилетыСторАК",""
"ОПР_БЦ_БортПитОбеспеч",""
"ОПР_БЦ_БортПитПассаж",""
"ОПР_БЦ_БортПитЭкипаж",""
"ОПР_БЦ_ДоставкаЭк",""
"ОПР_БЦ_ЗатратыРейс",""
"ОПР_БЦ_МОсторОрг",""
"ОПР_БЦ_НорматКомандир",""
"ОПР_БЦ_НорматСуточных",""
"ОПР_БЦ_НОсторОрг",""
"ОПР_БЦ_ОбщекорпРасхЗК",""
"ОПР_БЦ_ОформлПропДоп",""
"ОПР_БЦ_ПерсВизыПасп",""
"ОПР_БЦ_ПерсОбучение",""
"ОПР_БЦ_ПитПрожЭстафет",""
"ОПР_БЦ_СДСГрузПочта",""
"ОПР_БЦ_ТМЦ",""
"ОПР_БЦ_ТОсторОрг",""
"ОПР_БЦ_ЦенаЭпизодРасх",""
"ОПР_БЦ_ЦЕУ",""
"ОПР_ДохГрузПочта",""
"ОПР_ДохРасхРейс",""
"ОПР_НЗ_БортПитТипРац",""
"ОПР_НЗ_ГрузПочта",""
"ОПР_НЗ_ДохЧартБлМкомп",""
"ОПР_НЗ_ДрайверПассДох",""
"ОПР_НЗ_КоэффСписТМЦ",""
"ОПР_НЗ_ЛЧ_ЛЦ",""
"ОПР_НЗ_НормыВремНП",""
"ОПР_НЗ_ПикЗагрузНП",""
"ОПР_НЗ_ПрАгВзнАвиаГСМ",""
"ОПР_НЗ_ПредНормПолВрЛСБП",""
"ОПР_НЗ_ПроцентБП",""
"ОПР_НЗ_ПроцПотРабВрЛСБП",""
"ОПР_НЗ_ФондРабВрЛСБП",""
"ОПР_ПассДоходы_БЦ",""
"ОПР_ПЛГ_КомпонентыНаКрыле",""
"ОПР_ПЛГ_КоэффБП",""
"ОПР_ПЛГ_КоэффИнд",""
"ОПР_ПЛГ_СтавкаКсЛизинг",""
"ОПР_РейсДохРасх",""
"ОПР_СМ_БортПитание",""
"ОПР_СМ_БортПитОбеспеч",""
"ОПР_СМ_ДиРсубсидии",""
"ОПР_СМ_ДопПлатПит",""
"ОПР_СМ_ДохЧартБлМкомп",""
"ОПР_СМ_ПрАгВзнАвиаГСМ",""
"ОПР_СМ_ПрОбязАэропорт",""
"ОПР_СМ_ПрОбязТипНапр",""
"ОПР_СМ_ПрочиеДиР",""
"ОПР_СМ_ПрЭпизРасходы",""
"ОПР_СМ_ЭкипажРезерв",""
"ОПР_СМ_ЭкипажЭстафета",""
"ОПР_ТЕХ_БЦ_БортПит",""
"ОПР_Экипаж_БЦ",""
"ОПР_Экипаж_Параметры_НЗ",""
"ОПР_Экипаж_Резерв_НЗ",""
"ОПР_Экипаж_Резерв_СМ",""
"ОПР_Экипаж_Эстафета_НЗ",""
"ОПР_Экипаж_Эстафета_СМ",""
"Основание вложений",""
"Отчет о проверке",""
"Отчисл.сФОТ",""
"ОформВизПаспорт",""
"Парк ВС",""
"Партийный номер",""
"Паспорт проекта",""
"Пассажир_Экипаж",""
"Перечень бюджетов",""
"Питание и проживание",""
"Питание линии",""
"Подразделения",""
"Подразделения_R1090800",""
"Подразделения_ЗВК",""
"Подразделения_ЗВК_Визы",""
"Подразделения_ЗВК_Командировки",""
"Подразделения_ЗВК_Нотариус",""
"Подразделения_ЗВК_Обучение",""
"Подразделения_ЗВК_Перевод",""
"Подразделения_ЗВК_Почта",""
"Подразделения_ЗВК_Пропуска",""
"Подразделения_ЗВК_ТМЦ",""
"Подразделения_ТЕХ",""
"Подразделения Pick List",""
"Показатели_ЗВК_Командировки_Сводный отчет",""
"Показатели акциза",""
"Показатели анкеты",""
"Показатели инфляции",""
"Показатели НСИ_ФОТ_Справочник стр.взн.",""
"Показатели ПЛГ",""
"Показатели реализации",""
"Показатели УФОРТ",""
"Показатель_НСИ_РайонКоэф",""
"Показатель_ФОТ",""
"Показатель Вид взносов ФОТ",""
"Показатель НСИ_ВО ЛС и БП",""
"Показатель НСИ_ФОТ_Бюджет страх. взн.",""
"Показатель НСИ_ФОТ_Бюджет ФОТ",""
"Показатель НСИ_ФОТ_Индексация",""
"Показатель НСИ_ФОТ_Расчет ФОТ",""
"Пользователь",""
"Пользователь Pick List",""
"Пользователь системы",""
"Поставщики",""
"Потоки проекта",""
"Предпосылки",""
"Презентация проектов",""
"Прилет_Вылет",""
"Программы обучения",""
"Программы обучения ПК",""
"ПродажаИмущ показатели дох",""
"Пропуска",""
"ПРП_ДАТО",""
"ПРП_ДиспПерр",""
"ПРП_ДиспПеррпик",""
"ПРП_ДиспСОПП",""
"ПРП_ДиспСОППпик",""
"ПРП_ДрайвКоэфф",""
"ПРП_ДУАБиРдок",""
"ПРП_ДУАБиРпсж",""
"ПРП_КоличВСисправ",""
"ПРП_КоличВСсертиф",""
"ПРП_ЛЧасЦикл",""
"ПРП_НЗ_ВидРаботУслуг",""
"ПРП_НЗ_СтатНеисправн",""
"ПРП_НЗ_Эстафета",""
"ПРП_ПрогрМОсобств",""
"ПРП_ПрогрНОсобств",""
"ПРП_ПрогрТОсобств",""
"ПРП_ПрогрТОСС",""
"ПРП_ПрогрТОсторон",""
"ПРП_РасчетЭкипаж",""
"ПРП_СреднЧислПерс",""
"ПРП_УиЭСКиУВСмакс1",""
"ПРП_УиЭСКиУВСмакс2",""
"ПРП_УиЭСКиУВСпик",""
"ПРП_УиЭСКиУВСсргод1",""
"ПРП_УиЭСКиУВСсргод2",""
"ПРП_ЧисленнБП",""
"ПРП_ЧисленнНП",""
"ПРП_ЭкипажРезерв",""
"ПРП_ЭкипажЭстафета",""
"ПРП_Эталон_Эстафета",""
"ПРП_Эталон Zero",""
"Прямое_обратное",""
"Раздел описания проекта",""
"Расх. на содерж. представ.",""
"РасхЗЧ_КИ_склад",""
"Расх капремонт",""
"Расх лизинг",""
"Расх на ТМЦ",""
"Расходы",""
"Расходы на содержание представительств",""
"Расх фин деят",""
"Расх ФОТ",""
"Расчет_Ввод",""
"Расчет БП",""
"Расчет экипажей",""
"Регион взлета",""
"Регион посадки",""
"Регионы",""
"Регионы Инфляция",""
"Регламент",""
"Регламент согласования",""
"Регулярность",""
"Реестр корректировок",""
"Реестр номеров",""
"Реестр проектов",""
"Реестр Шапка ПЗ",""
"Резерв_Эстафета",""
"РекламаНаВС показатели дох",""
"Риск проекта",""
"Сайт_Аэропорт",""
"Сезон",""
"Сезон IATA",""
"Серийный номер",""
"Серийный номер компоненты",""
"Смена",""
"Смета",""
"Смета ПР",""
"Собст_Стор_ВС",""
"Собств_сторон",""
"СОГЛ_ОД_РСБ",""
"Согласование АФЛ",""
"СодержПомещ ЗемУчас",""
"Состав резерва",""
"Состав экипажа",""
"Состояние по регламенту",""
"СОФИ показатели",""
"Список Бюджетов",""
"СписРезервПЛГ ПаркВС",""
"Справочник ролей",""
"Сроки проекта",""
"Стадия",""
"Статус",""
"Статус_ОД",""
"Статус_ПЗ",""
"Статус АКР",""
"Статус АФЛ",""
"Статус бюджета",""
"Статус ДПФАиО",""
"Статус ДУЗ",""
"Статус КФИ",""
"Статус ПЗ",""
"Статус по бюджету",""
"Статус проекта",""
"Статусы согласования",""
"Статьи_ОПР_ПассДоходы_Конс",""
"Статьи_ОПР_Прямые расходы",""
"Степень необходимости инвестиций",""
"Стоимость_сроки",""
"Страны",""
"Страхование ВС расх",""
"СубарендаВС показатели дох",""
"Субсидии показатели дох",""
"Сумма",""
"Сценарий","Сценарий"
"Текущий статус",""
"ТехОбслуж показатели дох",""
"Тип ВС",""
"Тип данных","Тип данных"
"Тип командировки",""
"Тип компоненты",""
"Тип КС",""
"Тип налета",""
"Тип обслуж.",""
"Тип собств. комп.",""
"Тип состава экипажа",""
"Тип Форм",""
"Типы ВС_нси",""
"Типы ВС_нси_2",""
"ТМЦ_Источники_тех",""
"ТМЦ проверка переноса",""
"ТОиРемонтТС показатели дох",""
"Туда_Обратно",""
"Тяга",""
"Уровень риска",""
"Уровни ответственных",""
"УслВизыПасп",""
"УслПровайдТО СВАД",""
"Услуги",""
"Услуги_Аэропорт_ТЕХ",""
"Услуги_Груз_ТЕХ",""
"Услуги АНО",""
"ФИН_ДепозитПортф",""
"ФИН_ДохФинДеят",""
"ФИН_КредитПортф",""
"ФИН_ПоручитЛизинг",""
"ФИН_РасхФинДеят",""
"Форма ТО",""
"Формы ТО",""
"Характер вложений",""
"Цены авиаГСМ",""
"ЦФО","ЦФО"
"ЦФО_ЗВК","ЦФО"
"ЦФО_ОД","ЦФО"
"ЦФО_ТЕХ","ЦФО"
"ЦФО Pick List",""
"ЦФО ИД","ЦФО"
"ЦФО ОД","ЦФО"
"Числ. НП",""
"Числ. персонала",""
"Шапка ПЗ",""
"Штатные единицы",""
"Штатные единицы_ТЕХ",""
"Эталон",""
"Эталон по рейсам",""
"Этап",""
"Эффективность проекта",""
"Язык",""
